<workflow-app name="ODS attributes commercial " xmlns="uri:oozie:workflow:0.5">

    <credentials>
        <credential name="hive2" type="hive2">
            <property>
                <name>hive2.jdbc.url</name>
                <value>${metastore_url}/default</value>
            </property>
            <property>
                <name>hive2.server.principal</name>
                <value>${hive_principal}@${realm}</value>
            </property>
        </credential>
    </credentials>

    <start to="hive_001"/>

    <kill name="Kill">
        <message>Action failed, error message[${wf:errorMessage(wf:lastErrorNode())}]</message>
    </kill>

    <action name="hive_001" cred="hive2">
        <hive2 xmlns="uri:oozie:hive2-action:0.1">
            <job-tracker>${jobTracker}</job-tracker>
            <name-node>${nameNode}</name-node>
            <jdbc-url>${metastore_url}</jdbc-url>
            <script>${LIB_DIR}/create_attributes_residential-current.sql</script>
            <param>DATABASE=${DATABASE}</param>
            <param>TABLE_NAME=${TABLE_NAME}</param>
            <param>LOCATION=${LOCATION}/${TABLE_NAME}</param>
        </hive2>
        <ok to="End"/>
        <error to="Kill"/>
    </action>
    <end name="End"/>
</workflow-app>
