<workflow-app name="Staged Workflow - ${artifactId}" xmlns="uri:oozie:workflow:0.5">

    <credentials>
        <credential name="hive2" type="hive2">
            <property>
                <name>hive2.jdbc.url</name>
                <value>${metastore_url}/default</value>
            </property>
            <property>
                <name>hive2.server.principal</name>
                <value>${hive_principal}@${realm}</value>
            </property>
        </credential>
    </credentials>

    <start to="rm_001_delete_initial_directories"/>

    <kill name="Kill_001">
        <message>Action failed, error message[${wf:errorMessage(wf:lastErrorNode())}]</message>
    </kill>

    <action name="Kill">
        <email xmlns="uri:oozie:email-action:0.1">
            <to>${EMAIL_ALERTS_TO}</to>
            <subject>Important: Action Required: SES DS Production Job: ${INTERFACE} / ${TABLE_NAME} - failed!! </subject>
            <body>Action failed, error message[${wf:errorMessage(wf:lastErrorNode())}]</body>
        </email>
        <ok to="Kill_001"/>
        <error to="Kill_001"/>
    </action>

    <action name="rm_001_delete_initial_directories">
        <fs><!-- Create timestamp folder here -->
            <delete path="${INPUT_DIR_Landing}/*"/>
            <delete path="${PROC_DIR_Landing}/*"/>
            <delete path="${OUTPUT_DIR_Landing}/*"/>
        </fs>
        <ok to="sh_001_check_hdfs_count"/>
        <error to="Kill"/>
    </action>

    <action name="sh_001_check_hdfs_count">
        <shell xmlns="uri:oozie:shell-action:0.1">
            <job-tracker>${jobTracker}</job-tracker>
            <name-node>${nameNode}</name-node>
            <exec>/app/etl/hdfs-count-files.sh</exec>
            <argument>${LANDING_PATH}</argument>
            <file>/app/etl/hdfs-count-files.sh#hdfs-count-files.sh</file>
            <capture-output/>
        </shell>
        <ok to="fork_001"/>
        <error to="Kill"/>
    </action>

    <decision name="fork_001">
        <switch>
            <case to="End">
                ${wf:actionData(&#39;sh_001_check_hdfs_count&#39;)[&#39;output&#39;] eq 0}
            </case>
            <case to="spark_001">
                ${wf:actionData(&#39;sh_001_check_hdfs_count&#39;)[&#39;output&#39;] eq 1}
            </case>
            <default to="End"/>
        </switch>
    </decision>

    <action name="spark_001">
        <spark xmlns="uri:oozie:spark-action:0.2">
            <job-tracker>${jobTracker}</job-tracker>
            <name-node>${nameNode}</name-node>
            <master>yarn-cluster</master>
            <name>${artifactId}</name>
            <class>${SPARK_MAIN_CLASS}</class>
            <jar>${SPARK_JAR_NAME}</jar>
            <spark-opts>--num-executors 10 --executor-memory 10G --driver-memory 10g --files pipeline.conf,application.conf</spark-opts>
            <arg>${DATASOURCE}-${INTERFACE}</arg>
            <file>${SPARK_JAR_PATH}/${SPARK_JAR_NAME}#${SPARK_JAR_NAME}</file>
            <file>${SPARK_CONF_DIR}/pipeline.conf#pipeline.conf</file>
            <file>${SPARK_CONF_DIR}/application.conf#application.conf</file>
        </spark>
        <ok to="mv_001_landing_to_archive"/>
        <error to="Kill"/>
    </action>

    <action name="mv_001_landing_to_archive">
        <fs>
            <move source="${LANDING_PATH}/*" target="${ARCHIVE_PATH}"/>
        </fs>
        <ok to="rm_002_delete_initial_directories"/>
        <error to="Kill"/>
    </action>



    <action name="rm_002_delete_initial_directories">
        <fs><!-- Create timestamp folder here -->
            <delete path="${INPUT_DIR}/*"/>
            <delete path="${PROC_DIR}/*"/>
            <delete path="${OUTPUT_DIR}/*"/>
            <delete path="${META_DIR}/*"/>
        </fs>
        <ok to="sh_002_check_hdfs_count"/>
        <error to="Kill"/>
    </action>

    <action name="sh_002_check_hdfs_count">
        <shell xmlns="uri:oozie:shell-action:0.1">
            <job-tracker>${jobTracker}</job-tracker>
            <name-node>${nameNode}</name-node>
            <exec>/app/etl/hdfs-count-files.sh</exec>
            <argument>${LANDING_OUTPUT_DIR}</argument>
            <file>/app/etl/hdfs-count-files.sh#hdfs-count-files.sh</file>
            <capture-output/>
        </shell>
        <ok to="fork_002"/>
        <error to="Kill"/>
    </action>

    <decision name="fork_002">
        <switch>
            <case to="End">
                ${wf:actionData(&#39;sh_001_check_hdfs_count&#39;)[&#39;output&#39;] eq 0}
            </case>
            <case to="cp_001_output_to_input">
                ${wf:actionData(&#39;sh_001_check_hdfs_count&#39;)[&#39;output&#39;] eq 1}
            </case>
            <default to="End"/>
        </switch>
    </decision>

    <action name="cp_001_output_to_input">
        <distcp xmlns="uri:oozie:distcp-action:0.1">
            <job-tracker>${jobTracker}</job-tracker>
            <name-node>${nameNode}</name-node>
            <arg>${LANDING_OUTPUT_DIR}/*</arg>
            <arg>${INPUT_DIR}</arg>
        </distcp>
        <ok to="mv_001_input_to_processing"/>
        <error to="Kill"/>
    </action>

    <action name="mv_001_input_to_processing">
        <fs>
            <move source="${INPUT_DIR}/*" target="${PROC_DIR}"/>
        </fs>
        <ok to="sh_001_get-schema"/>
        <error to="Kill"/>
    </action>

    <action name="sh_001_get-schema">
        <shell xmlns="uri:oozie:shell-action:0.1">
            <job-tracker>${jobTracker}</job-tracker>
            <name-node>${nameNode}</name-node>
            <exec>/app/etl/reload_get-schema.sh</exec>
            <argument>${PROC_DIR}/part-r-00000-*.avro</argument>
            <argument>${META_DIR}</argument>
            <argument>${TABLE_NAME}</argument>
            <file>/app/etl/reload_get-schema.sh#reload_get-schema.sh</file>
        </shell>
        <ok to="mv_002"/>
        <error to="Kill"/>
    </action>

    <action name="mv_002">
        <fs>
            <move source="${PROC_DIR}/*" target="${OUTPUT_DIR}"/>
        </fs>
        <ok to="hive_001"/>
        <error to="Kill"/>
    </action>

    <action name="hive_001" cred="hive2">
        <hive2 xmlns="uri:oozie:hive2-action:0.1">
            <job-tracker>${jobTracker}</job-tracker>
            <name-node>${nameNode}</name-node>
            <jdbc-url>${metastore_url}</jdbc-url>
            <script>${LIB_DIR}/create-process-table.sql</script>
            <param>TABLE_NAME=${TABLE_NAME}</param>
            <param>TABLE_LOCATION=${OUTPUT_DIR}</param>
            <param>SCHEMA_DIR=${META_DIR}</param>
        </hive2>
        <ok to="sh_002_check_file"/>
        <error to="Kill"/>
    </action>

    <action name="sh_002_check_file">
        <shell xmlns="uri:oozie:shell-action:0.1">
            <job-tracker>${jobTracker}</job-tracker>
            <name-node>${nameNode}</name-node>
            <exec>/app/etl/check-for-file.sh</exec>
            <argument>${STORE_META_DIR}/schema.avsc</argument>
            <file>/app/etl/check-for-file.sh#check-for-file.sh</file>
            <capture-output/>
        </shell>
        <ok to="fork_003"/>
        <error to="Kill"/>
    </action>

    <decision name="fork_003">
        <switch>
            <case to="cp_002">
                ${wf:actionData(&#39;sh_002_check_file&#39;)[&#39;output&#39;] eq 0}
            </case>
            <case to="check_for_load_type">
                ${wf:actionData(&#39;sh_002_check_file&#39;)[&#39;output&#39;] eq 1}
            </case>
            <default to="End"/>
        </switch>
    </decision>

    <action name="cp_002">
        <distcp xmlns="uri:oozie:distcp-action:0.1">
            <job-tracker>${jobTracker}</job-tracker>
            <name-node>${nameNode}</name-node>
            <arg>${META_DIR}/schema.avsc</arg>
            <arg>${STORE_META_DIR}</arg>
        </distcp>
        <ok to="check_for_load_type"/>
        <error to="Kill"/>
    </action>

    <action name="check_for_load_type">
        <shell xmlns="uri:oozie:shell-action:0.1">
            <job-tracker>${jobTracker}</job-tracker>
            <name-node>${nameNode}</name-node>
            <exec>/app/etl/check_for_load_type.sh</exec>
            <argument>${LOADTYPE}</argument>
            <file>/app/etl/check_for_load_type.sh#check_for_load_type.sh</file>
            <capture-output/>
        </shell>
        <ok to="fork_004"/>
        <error to="Kill"/>
    </action>

    <decision name="fork_004">
        <switch>
            <case to="hive_002">
                ${wf:actionData(&#39;check_for_load_type&#39;)[&#39;output&#39;] eq 0}
            </case>
            <case to="hive_003">
                ${wf:actionData(&#39;check_for_load_type&#39;)[&#39;output&#39;] eq 1}
            </case>
            <default to="End"/>
        </switch>
    </decision>

    <action name="hive_002" cred="hive2">
        <hive2 xmlns="uri:oozie:hive2-action:0.1">
            <job-tracker>${jobTracker}</job-tracker>
            <name-node>${nameNode}</name-node>
            <jdbc-url>${metastore_url}</jdbc-url>
            <script>${LIB_DIR}/append-storehouse-table.sql</script>
            <param>TABLE_NAME=${TABLE_NAME}</param>
            <param>TABLE_LOCATION=${STORE_DIR}</param>
            <param>SCHEMA_DIR=${STORE_META_DIR}</param>
        </hive2>
        <ok to="hive_004"/>
        <error to="Kill"/>
    </action>

    <action name="hive_003" cred="hive2">
        <hive2 xmlns="uri:oozie:hive2-action:0.1">
            <job-tracker>${jobTracker}</job-tracker>
            <name-node>${nameNode}</name-node>
            <jdbc-url>${metastore_url}</jdbc-url>
            <script>${LIB_DIR}/reload-storehouse-table.sql</script>
            <param>TABLE_NAME=${TABLE_NAME}</param>
            <param>TABLE_LOCATION=${STORE_DIR}</param>
            <param>SCHEMA_DIR=${STORE_META_DIR}</param>
        </hive2>
        <ok to="hive_004"/>
        <error to="Kill"/>
    </action>

    <action name="hive_004" cred="hive2">
        <hive2 xmlns="uri:oozie:hive2-action:0.1">
            <job-tracker>${jobTracker}</job-tracker>
            <name-node>${nameNode}</name-node>
            <jdbc-url>${metastore_url}</jdbc-url>
            <script>${LIB_DIR}/insert-overwrite.sql</script>
            <param>TABLE_NAME=${TABLE_NAME}</param>
        </hive2>
        <ok to="End"/>
        <error to="Kill"/>
    </action>

    <end name="End"/>

</workflow-app>
