<coordinator-app name="oozie-ods-attributes-residential"
                 frequency="${coord:days(1)}"
                 start="${incremental_start_date}" end="${incremental_end_date}" timezone="UTC"
                 xmlns="uri:oozie:coordinator:0.2">
    <controls>
        <execution>FIFO</execution>
    </controls>
    <action>
        <workflow>
            <app-path>${incremental_staged_wf_dir}</app-path>
            <configuration>
                <property>
                    <name>TYPE</name>
                    <value>incremental</value>
                </property>
                <property>
                    <name>LIB_DIR</name>
                    <value>${basepath}/lib</value>
                </property>
            </configuration>
        </workflow>
    </action>
</coordinator-app>
