<coordinator-app name="Coordinator - ${artifactId}"
                 frequency="${coord:days(1)}"
                 start="${incremental_start_date}" end="${incremental_end_date}" timezone="Europe/Dublin"
                 xmlns="uri:oozie:coordinator:0.2">
    <controls>
        <concurrency>1</concurrency>
        <execution>FIFO</execution>
        <throttle>1</throttle>
    </controls>

    <action>
        <workflow>
            <app-path>${incremental_staged_wf_dir}</app-path>
            <configuration>
                <property>
                    <name>DATE</name>
                    <value>${coord:formatTime(coord:nominalTime(),&quot;YYYY-MM-dd&quot;)}</value>
                </property>
            </configuration>
        </workflow>
    </action>
</coordinator-app>
